,PjBL,TPACK,STEM,ESD,RPP
PjBL,0.8290608920238624,0.7272278718830305,0.6825777520492574,0.6167577073232385,0.8816196764881714
TPACK,0.7272278718830305,0.6460413588797165,0.5242821914832868,0.1763483406489657,0.7610043733507167
STEM,0.6825777520492574,0.5242821914832868,0.6918507340903034,0.37485416486389594,0.8560633569352661
ESD,0.6167577073232385,0.1763483406489657,0.37485416486389594,0.8481785944346995,0.6192928166000139
RPP,0.8816196764881714,0.7610043733507167,0.8560633569352661,0.6192928166000139,1.0
