,PjBL,TPACK,STEM,ESD,RPP
PjBL,0.8370796761546594,0.7177838768997052,0.6712598448641942,0.6115867755381466,0.8728853434922353
TPACK,0.7177838768997052,0.646247499256015,0.5250002169322776,0.17550137561884088,0.7610871763213495
STEM,0.6712598448641942,0.5250002169322776,0.6924977090652792,0.3742359199650787,0.8568399252553612
ESD,0.6115867755381466,0.17550137561884088,0.3742359199650787,0.848463221606822,0.618846287463741
RPP,0.8728853434922353,0.7610871763213495,0.8568399252553612,0.618846287463741,0.9999999999999997
