Construct,AVE,Cronbach_Alpha,Composite_Reliability,AVE_OK_0.50,CR_OK_0.70,Alpha_OK_0.70
ESD,0.7194069280572223,0.8071710689665277,0.8862653054701919,Yes,Yes,Yes
PjBL,0.6873419626834023,0.8861501422199435,0.9166009029434804,Yes,Yes,Yes
RPP,1.0,,1.0,Yes,Yes,No
STEM,0.4786574382612917,0.6940834341869653,0.8136455857291082,No,Yes,No
TPACK,0.4173694373831506,0.765729166097767,0.8336919665446643,No,Yes,Yes
