Path,from,to,direct,indirect,total
PjBL -> ESD,PjBL,ESD,0.616757707323239,0.0,0.616757707323239
PjBL -> STEM,PjBL,STEM,0.6825777520492575,0.0,0.6825777520492575
PjBL -> TPACK,PjBL,TPACK,0.7272278718830303,0.0,0.7272278718830303
PjBL -> RPP,PjBL,RPP,0.03001077276971222,0.8516089037184597,0.8816196764881719
ESD -> RPP,ESD,RPP,0.34455163651798093,0.0,0.34455163651798093
STEM -> RPP,STEM,RPP,0.48369278159354756,0.0,0.48369278159354756
TPACK -> RPP,TPACK,RPP,0.4248270820294901,0.0,0.4248270820294901
