Construct,Predictors,PRESS,SSO,Q2,Q2_positive
TPACK,PjBL,48.18596487556446,94.99999999999999,0.49277931709932143,Yes
STEM,PjBL,55.967223584100445,95.00000000000003,0.41087133069367965,Yes
ESD,PjBL,62.211922078708376,95.00000000000003,0.3451376623293857,Yes
RPP,"PjBL, TPACK, STEM, ESD",2.3615940362365206,94.99999999999997,0.9751411154080366,Yes
